{
    "apiVersion": "v1",
    "kind": "Pod",
    "metadata": {
        "name": "agftest"
    },
    "spec": {
        "containers": [
            {
                "command": [
                    "node",
                    "index.js"
                ],
                "image": "docker.io/genedragotta/generative-ai-service",
                "env": [
                    {
                      "name": "ADDRESS",
                      "value": "0.0.0.0"
                    },
                    {
                      "name": "PORT",
                      "value": "8080"
                    }
                  ],
                "imagePullPolicy": "IfNotPresent",
                "name": "agftest"
            }
        ],
        "restartPolicy": "OnFailure"
    }
}

