{
	"info": {
		"_postman_id": "7b1ea5ca-2f77-4fdc-a1d5-d63af81ea7e0",
		"name": "generative-ai-service",
		"schema": "https://schema.getpostman.com/json/collection/v2.1.0/collection.json"
	},
	"item": [
		{
			"name": "gen-image",
			"request": {
				"method": "POST",
				"header": [],
				"body": {
					"mode": "raw",
					"raw": "{\r\n    \"textPrompt1\": \"richard nixon sitting on moon driving a tesla, wearing a baseball cap, highly detailed\",\r\n    \"textPrompt\": \"cyborg in a battlefield, explosions, in a snowstorm, highly detailed\",\r\n    \"textPrompt3\": \"((selfie)) photo of an american girl and guy, smiling, (yosemite:1.3), mountains, wearing a backpack, red top, hiking jacket, rocks, river, wood, analog style (look at viewer:1.2) (skin texture), close up, cinematic light, ((night sky:1.2)), (milkiway:1.4), sidelighting, Fujiflim XT3, DSLR, 50mm, (long windblown hair)\",\r\n    \"profanityDetectionEnabled\": true,\r\n    \"useRedacted\": true\r\n}",
					"options": {
						"raw": {
							"language": "json"
						}
					}
				},
				"url": {
					"raw": "http://172.16.36.4:8080/gen-image",
					"protocol": "http",
					"host": [
						"172",
						"16",
						"36",
						"4"
					],
					"port": "8080",
					"path": [
						"gen-image"
					]
				}
			},
			"response": []
		},
		{
			"name": "gen-voice",
			"request": {
				"method": "POST",
				"header": [],
				"body": {
					"mode": "raw",
					"raw": "{\r\n    \"textPrompt\": \"Hello, my name is Racheal, how can I assist you today?\",\r\n    \"profanityDetectionEnabled\": true\r\n}",
					"options": {
						"raw": {
							"language": "json"
						}
					}
				},
				"url": {
					"raw": "http://172.16.36.4:8080/gen-voice",
					"protocol": "http",
					"host": [
						"172",
						"16",
						"36",
						"4"
					],
					"port": "8080",
					"path": [
						"gen-voice"
					]
				}
			},
			"response": []
		},
		{
			"name": "gen-chat",
			"protocolProfileBehavior": {
				"disabledSystemHeaders": {}
			},
			"request": {
				"method": "POST",
				"header": [],
				"body": {
					"mode": "raw",
					"raw": "{\r\n    \"textPrompt\": \"Hello, I need information on AG First farm credit, what do they do and who is Elon Musk?\",\r\n    \"profanityDetectionEnabled\": true\r\n}\r\n  ",
					"options": {
						"raw": {
							"language": "json"
						}
					}
				},
				"url": {
					"raw": "http://172.16.36.4:8080/gen-chat",
					"protocol": "http",
					"host": [
						"172",
						"16",
						"36",
						"4"
					],
					"port": "8080",
					"path": [
						"gen-chat"
					]
				}
			},
			"response": []
		},
		{
			"name": "gen-chat-alt",
			"protocolProfileBehavior": {
				"disabledSystemHeaders": {}
			},
			"request": {
				"method": "POST",
				"header": [],
				"body": {
					"mode": "raw",
					"raw": "{\r\n    \"textPrompt\": \"what is the weather in your location\",\r\n    \"profanityDetectionEnabled\": true\r\n}\r\n  ",
					"options": {
						"raw": {
							"language": "json"
						}
					}
				},
				"url": {
					"raw": "http://172.16.36.4:8080/gen-chat-alt",
					"protocol": "http",
					"host": [
						"172",
						"16",
						"36",
						"4"
					],
					"port": "8080",
					"path": [
						"gen-chat-alt"
					]
				}
			},
			"response": []
		},
		{
			"name": "sentiment",
			"protocolProfileBehavior": {
				"disabledSystemHeaders": {}
			},
			"request": {
				"method": "POST",
				"header": [],
				"body": {
					"mode": "raw",
					"raw": "{\r\n    \"textPrompt\": \"I've tried to login 4 times today and I get an error each time\"\r\n}\r\n  ",
					"options": {
						"raw": {
							"language": "json"
						}
					}
				},
				"url": {
					"raw": "http://172.16.36.4:8080/sentiment",
					"protocol": "http",
					"host": [
						"172",
						"16",
						"36",
						"4"
					],
					"port": "8080",
					"path": [
						"sentiment"
					]
				}
			},
			"response": []
		},
		{
			"name": "obsenity",
			"protocolProfileBehavior": {
				"disabledSystemHeaders": {}
			},
			"request": {
				"method": "POST",
				"header": [],
				"body": {
					"mode": "raw",
					"raw": "{\r\n    \"textPrompt\": \"crap, I think this is very boring\"\r\n}\r\n  ",
					"options": {
						"raw": {
							"language": "json"
						}
					}
				},
				"url": {
					"raw": "http://172.16.36.4:8080/obsenity",
					"protocol": "http",
					"host": [
						"172",
						"16",
						"36",
						"4"
					],
					"port": "8080",
					"path": [
						"obsenity"
					]
				}
			},
			"response": []
		},
		{
			"name": "emotion",
			"protocolProfileBehavior": {
				"disabledSystemHeaders": {}
			},
			"request": {
				"auth": {
					"type": "bearer",
					"bearer": [
						{
							"key": "token",
							"value": "57da3444ca3d49cf905aae2aa97ad4a5",
							"type": "string"
						}
					]
				},
				"method": "POST",
				"header": [],
				"body": {
					"mode": "raw",
					"raw": "{\r\n    \"textPrompt\": \"After living abroad for such a long time, seeing my family was the best present I could have ever wished for\"\r\n}\r\n  ",
					"options": {
						"raw": {
							"language": "json"
						}
					}
				},
				"url": {
					"raw": "http://172.16.36.4:8080/emotion",
					"protocol": "http",
					"host": [
						"172",
						"16",
						"36",
						"4"
					],
					"port": "8080",
					"path": [
						"emotion"
					]
				}
			},
			"response": []
		},
		{
			"name": "readiness",
			"request": {
				"method": "GET",
				"header": [],
				"url": {
					"raw": "http://172.16.36.4:8080/readiness",
					"protocol": "http",
					"host": [
						"172",
						"16",
						"36",
						"4"
					],
					"port": "8080",
					"path": [
						"readiness"
					]
				}
			},
			"response": []
		},
		{
			"name": "request-count",
			"request": {
				"method": "GET",
				"header": [],
				"url": {
					"raw": "http://localhost:8080/request-count",
					"protocol": "http",
					"host": [
						"localhost"
					],
					"port": "8080",
					"path": [
						"request-count"
					]
				}
			},
			"response": []
		},
		{
			"name": "liveness",
			"request": {
				"method": "GET",
				"header": [],
				"url": {
					"raw": "http://172.16.36.4:8080/liveness",
					"protocol": "http",
					"host": [
						"172",
						"16",
						"36",
						"4"
					],
					"port": "8080",
					"path": [
						"liveness"
					]
				}
			},
			"response": []
		}
	],
	"event": [
		{
			"listen": "prerequest",
			"script": {
				"type": "text/javascript",
				"exec": [
					""
				]
			}
		},
		{
			"listen": "test",
			"script": {
				"type": "text/javascript",
				"exec": [
					""
				]
			}
		}
	],
	"variable": [
		{
			"key": "protocol",
			"value": "http"
		},
		{
			"key": "hostname",
			"value": "172.16.36.4"
		},
		{
			"key": "port",
			"value": "8080"
		}
	]
}